origin,target_start,target_end,arm_id,trial_id,params,is_sharpe,fwd_sharpe,decay_d,relative_decay_y,relative_gain_q,fills_count
2025-06-07,2025-06-07T00:00:00+00:00,2025-06-21T00:00:00+00:00,A_M4,85,"{""coeff"": 5, ""AP"": 56, ""alpha.condition_threshold"": 80, ""novolumedata"": false, ""src_col"": ""close""}",0.11522335234995569,0.0,0.11522335234995569,0.0,0.0,0
2025-06-07,2025-06-07T00:00:00+00:00,2025-06-21T00:00:00+00:00,B0_GLOBAL,85,"{""coeff"": 5, ""AP"": 56, ""alpha.condition_threshold"": 80, ""novolumedata"": false, ""src_col"": ""close""}",0.11522335234995569,0.0,0.11522335234995569,0.0,0.0,0
2025-06-07,2025-06-07T00:00:00+00:00,2025-06-21T00:00:00+00:00,B_CAP,85,"{""coeff"": 5, ""AP"": 56, ""alpha.condition_threshold"": 80, ""novolumedata"": false, ""src_col"": ""close""}",0.11522335234995569,0.0,0.11522335234995569,0.0,0.0,0
2025-06-07,2025-06-07T00:00:00+00:00,2025-06-21T00:00:00+00:00,O_PERSIST,85,"{""coeff"": 5, ""AP"": 56, ""alpha.condition_threshold"": 80, ""novolumedata"": false, ""src_col"": ""close""}",0.11522335234995569,0.0,0.11522335234995569,0.0,0.0,0
2025-06-07,2025-06-07T00:00:00+00:00,2025-06-21T00:00:00+00:00,C_H14,85,"{""coeff"": 5, ""AP"": 56, ""alpha.condition_threshold"": 80, ""novolumedata"": false, ""src_col"": ""close""}",0.11522335234995569,0.0,0.11522335234995569,0.0,0.0,0
2025-06-07,2025-06-07T00:00:00+00:00,2025-06-21T00:00:00+00:00,P_NI_01,85,"{""coeff"": 5, ""AP"": 56, ""alpha.condition_threshold"": 80, ""novolumedata"": false, ""src_col"": ""close""}",0.11522335234995569,0.0,0.11522335234995569,0.0,0.0,0
2025-06-07,2025-06-07T00:00:00+00:00,2025-06-21T00:00:00+00:00,P_NI_02,85,"{""coeff"": 5, ""AP"": 56, ""alpha.condition_threshold"": 80, ""novolumedata"": false, ""src_col"": ""close""}",0.11522335234995569,0.0,0.11522335234995569,0.0,0.0,0
2025-06-07,2025-06-07T00:00:00+00:00,2025-06-21T00:00:00+00:00,P_NI_03,85,"{""coeff"": 5, ""AP"": 56, ""alpha.condition_threshold"": 80, ""novolumedata"": false, ""src_col"": ""close""}",0.11522335234995569,0.0,0.11522335234995569,0.0,0.0,0
2025-06-21,2025-06-21T00:00:00+00:00,2025-07-05T00:00:00+00:00,A_M4,100,"{""coeff"": 2, ""AP"": 37, ""alpha.condition_threshold"": 40, ""novolumedata"": false, ""src_col"": ""close""}",0.29954269403932565,4.9518809889504185,-4.652338294911093,0.0,0.0,10
2025-06-21,2025-06-21T00:00:00+00:00,2025-07-05T00:00:00+00:00,B0_GLOBAL,3,"{""coeff"": 7, ""AP"": 60, ""alpha.condition_threshold"": 40, ""novolumedata"": false, ""src_col"": ""close""}",0.17285436135334808,-1.255178980196547,1.4280333415498951,6.080371636460988,-6.2070599691469655,3
2025-06-21,2025-06-21T00:00:00+00:00,2025-07-05T00:00:00+00:00,B_CAP,3,"{""coeff"": 7, ""AP"": 60, ""alpha.condition_threshold"": 40, ""novolumedata"": false, ""src_col"": ""close""}",0.17285436135334808,-1.255178980196547,1.4280333415498951,6.080371636460988,-6.2070599691469655,3
2025-06-21,2025-06-21T00:00:00+00:00,2025-07-05T00:00:00+00:00,O_PERSIST,3,"{""coeff"": 7, ""AP"": 60, ""alpha.condition_threshold"": 40, ""novolumedata"": false, ""src_col"": ""close""}",0.17285436135334808,-1.255178980196547,1.4280333415498951,6.080371636460988,-6.2070599691469655,3
2025-06-21,2025-06-21T00:00:00+00:00,2025-07-05T00:00:00+00:00,C_H14,3,"{""coeff"": 7, ""AP"": 60, ""alpha.condition_threshold"": 40, ""novolumedata"": false, ""src_col"": ""close""}",0.17285436135334808,-1.255178980196547,1.4280333415498951,6.080371636460988,-6.2070599691469655,3
2025-06-21,2025-06-21T00:00:00+00:00,2025-07-05T00:00:00+00:00,P_NI_01,3,"{""coeff"": 7, ""AP"": 60, ""alpha.condition_threshold"": 40, ""novolumedata"": false, ""src_col"": ""close""}",0.17285436135334808,-1.255178980196547,1.4280333415498951,6.080371636460988,-6.2070599691469655,3
2025-06-21,2025-06-21T00:00:00+00:00,2025-07-05T00:00:00+00:00,P_NI_02,3,"{""coeff"": 7, ""AP"": 60, ""alpha.condition_threshold"": 40, ""novolumedata"": false, ""src_col"": ""close""}",0.17285436135334808,-1.255178980196547,1.4280333415498951,6.080371636460988,-6.2070599691469655,3
2025-06-21,2025-06-21T00:00:00+00:00,2025-07-05T00:00:00+00:00,P_NI_03,3,"{""coeff"": 7, ""AP"": 60, ""alpha.condition_threshold"": 40, ""novolumedata"": false, ""src_col"": ""close""}",0.17285436135334808,-1.255178980196547,1.4280333415498951,6.080371636460988,-6.2070599691469655,3
2025-07-05,2025-07-05T00:00:00+00:00,2025-07-19T00:00:00+00:00,A_M4,76,"{""coeff"": 1, ""AP"": 57, ""alpha.condition_threshold"": 70, ""novolumedata"": false, ""src_col"": ""close""}",1.4918559847160398,0.0,1.4918559847160398,0.0,0.0,0
2025-07-05,2025-07-05T00:00:00+00:00,2025-07-19T00:00:00+00:00,B0_GLOBAL,76,"{""coeff"": 1, ""AP"": 57, ""alpha.condition_threshold"": 70, ""novolumedata"": false, ""src_col"": ""close""}",1.4918559847160398,0.0,1.4918559847160398,0.0,0.0,0
2025-07-05,2025-07-05T00:00:00+00:00,2025-07-19T00:00:00+00:00,B_CAP,77,"{""coeff"": 8, ""AP"": 57, ""alpha.condition_threshold"": 70, ""novolumedata"": false, ""src_col"": ""close""}",0.515343495261015,0.0,0.515343495261015,-0.9765124894550248,0.0,0
2025-07-05,2025-07-05T00:00:00+00:00,2025-07-19T00:00:00+00:00,O_PERSIST,77,"{""coeff"": 8, ""AP"": 57, ""alpha.condition_threshold"": 70, ""novolumedata"": false, ""src_col"": ""close""}",0.515343495261015,0.0,0.515343495261015,-0.9765124894550248,0.0,0
2025-07-05,2025-07-05T00:00:00+00:00,2025-07-19T00:00:00+00:00,C_H14,77,"{""coeff"": 8, ""AP"": 57, ""alpha.condition_threshold"": 70, ""novolumedata"": false, ""src_col"": ""close""}",0.515343495261015,0.0,0.515343495261015,-0.9765124894550248,0.0,0
2025-07-05,2025-07-05T00:00:00+00:00,2025-07-19T00:00:00+00:00,P_NI_01,77,"{""coeff"": 8, ""AP"": 57, ""alpha.condition_threshold"": 70, ""novolumedata"": false, ""src_col"": ""close""}",0.515343495261015,0.0,0.515343495261015,-0.9765124894550248,0.0,0
2025-07-05,2025-07-05T00:00:00+00:00,2025-07-19T00:00:00+00:00,P_NI_02,77,"{""coeff"": 8, ""AP"": 57, ""alpha.condition_threshold"": 70, ""novolumedata"": false, ""src_col"": ""close""}",0.515343495261015,0.0,0.515343495261015,-0.9765124894550248,0.0,0
2025-07-05,2025-07-05T00:00:00+00:00,2025-07-19T00:00:00+00:00,P_NI_03,77,"{""coeff"": 8, ""AP"": 57, ""alpha.condition_threshold"": 70, ""novolumedata"": false, ""src_col"": ""close""}",0.515343495261015,0.0,0.515343495261015,-0.9765124894550248,0.0,0
2025-07-19,2025-07-19T00:00:00+00:00,2025-08-02T00:00:00+00:00,A_M4,63,"{""coeff"": 5, ""AP"": 52, ""alpha.condition_threshold"": 80, ""novolumedata"": false, ""src_col"": ""close""}",2.1347222642729053,0.0,2.1347222642729053,0.0,0.0,0
2025-07-19,2025-07-19T00:00:00+00:00,2025-08-02T00:00:00+00:00,B0_GLOBAL,63,"{""coeff"": 5, ""AP"": 52, ""alpha.condition_threshold"": 80, ""novolumedata"": false, ""src_col"": ""close""}",2.1347222642729053,0.0,2.1347222642729053,0.0,0.0,0
2025-07-19,2025-07-19T00:00:00+00:00,2025-08-02T00:00:00+00:00,B_CAP,55,"{""coeff"": 8, ""AP"": 58, ""alpha.condition_threshold"": 75, ""novolumedata"": false, ""src_col"": ""close""}",0.2487052059223063,0.0,0.2487052059223063,-1.886017058350599,0.0,0
2025-07-19,2025-07-19T00:00:00+00:00,2025-08-02T00:00:00+00:00,O_PERSIST,55,"{""coeff"": 8, ""AP"": 58, ""alpha.condition_threshold"": 75, ""novolumedata"": false, ""src_col"": ""close""}",0.2487052059223063,0.0,0.2487052059223063,-1.886017058350599,0.0,0
2025-07-19,2025-07-19T00:00:00+00:00,2025-08-02T00:00:00+00:00,C_H14,55,"{""coeff"": 8, ""AP"": 58, ""alpha.condition_threshold"": 75, ""novolumedata"": false, ""src_col"": ""close""}",0.2487052059223063,0.0,0.2487052059223063,-1.886017058350599,0.0,0
2025-07-19,2025-07-19T00:00:00+00:00,2025-08-02T00:00:00+00:00,P_NI_01,55,"{""coeff"": 8, ""AP"": 58, ""alpha.condition_threshold"": 75, ""novolumedata"": false, ""src_col"": ""close""}",0.2487052059223063,0.0,0.2487052059223063,-1.886017058350599,0.0,0
2025-07-19,2025-07-19T00:00:00+00:00,2025-08-02T00:00:00+00:00,P_NI_02,55,"{""coeff"": 8, ""AP"": 58, ""alpha.condition_threshold"": 75, ""novolumedata"": false, ""src_col"": ""close""}",0.2487052059223063,0.0,0.2487052059223063,-1.886017058350599,0.0,0
2025-07-19,2025-07-19T00:00:00+00:00,2025-08-02T00:00:00+00:00,P_NI_03,55,"{""coeff"": 8, ""AP"": 58, ""alpha.condition_threshold"": 75, ""novolumedata"": false, ""src_col"": ""close""}",0.2487052059223063,0.0,0.2487052059223063,-1.886017058350599,0.0,0
2025-08-02,2025-08-02T00:00:00+00:00,2025-08-16T00:00:00+00:00,A_M4,80,"{""coeff"": 1, ""AP"": 54, ""alpha.condition_threshold"": 70, ""novolumedata"": false, ""src_col"": ""close""}",1.2695832944397087,6.499453575045972,-5.229870280606263,0.0,0.0,4
2025-08-02,2025-08-02T00:00:00+00:00,2025-08-16T00:00:00+00:00,B0_GLOBAL,80,"{""coeff"": 1, ""AP"": 54, ""alpha.condition_threshold"": 70, ""novolumedata"": false, ""src_col"": ""close""}",1.2695832944397087,6.499453575045972,-5.229870280606263,0.0,0.0,4
2025-08-02,2025-08-02T00:00:00+00:00,2025-08-16T00:00:00+00:00,B_CAP,99,"{""coeff"": 1, ""AP"": 59, ""alpha.condition_threshold"": 80, ""novolumedata"": false, ""src_col"": ""close""}",-2.412230340536474,0.0,-2.412230340536474,2.817639940069789,-6.499453575045972,0
2025-08-02,2025-08-02T00:00:00+00:00,2025-08-16T00:00:00+00:00,O_PERSIST,99,"{""coeff"": 1, ""AP"": 59, ""alpha.condition_threshold"": 80, ""novolumedata"": false, ""src_col"": ""close""}",-2.412230340536474,0.0,-2.412230340536474,2.817639940069789,-6.499453575045972,0
2025-08-02,2025-08-02T00:00:00+00:00,2025-08-16T00:00:00+00:00,C_H14,99,"{""coeff"": 1, ""AP"": 59, ""alpha.condition_threshold"": 80, ""novolumedata"": false, ""src_col"": ""close""}",-2.412230340536474,0.0,-2.412230340536474,2.817639940069789,-6.499453575045972,0
2025-08-02,2025-08-02T00:00:00+00:00,2025-08-16T00:00:00+00:00,P_NI_01,99,"{""coeff"": 1, ""AP"": 59, ""alpha.condition_threshold"": 80, ""novolumedata"": false, ""src_col"": ""close""}",-2.412230340536474,0.0,-2.412230340536474,2.817639940069789,-6.499453575045972,0
2025-08-02,2025-08-02T00:00:00+00:00,2025-08-16T00:00:00+00:00,P_NI_02,99,"{""coeff"": 1, ""AP"": 59, ""alpha.condition_threshold"": 80, ""novolumedata"": false, ""src_col"": ""close""}",-2.412230340536474,0.0,-2.412230340536474,2.817639940069789,-6.499453575045972,0
2025-08-02,2025-08-02T00:00:00+00:00,2025-08-16T00:00:00+00:00,P_NI_03,99,"{""coeff"": 1, ""AP"": 59, ""alpha.condition_threshold"": 80, ""novolumedata"": false, ""src_col"": ""close""}",-2.412230340536474,0.0,-2.412230340536474,2.817639940069789,-6.499453575045972,0
2025-08-16,2025-08-16T00:00:00+00:00,2025-08-30T00:00:00+00:00,A_M4,122,"{""coeff"": 1, ""AP"": 9, ""alpha.condition_threshold"": 35, ""novolumedata"": false, ""src_col"": ""close""}",0.665650441535922,-9.434632462662321,10.100282904198243,0.0,0.0,28
2025-08-16,2025-08-16T00:00:00+00:00,2025-08-30T00:00:00+00:00,B0_GLOBAL,47,"{""coeff"": 8, ""AP"": 50, ""alpha.condition_threshold"": 45, ""novolumedata"": false, ""src_col"": ""close""}",-0.09210544802222974,0.0,-0.09210544802222974,-10.192388352220473,9.434632462662321,0
2025-08-16,2025-08-16T00:00:00+00:00,2025-08-30T00:00:00+00:00,B_CAP,47,"{""coeff"": 8, ""AP"": 50, ""alpha.condition_threshold"": 45, ""novolumedata"": false, ""src_col"": ""close""}",-0.09210544802222974,0.0,-0.09210544802222974,-10.192388352220473,9.434632462662321,0
2025-08-16,2025-08-16T00:00:00+00:00,2025-08-30T00:00:00+00:00,O_PERSIST,47,"{""coeff"": 8, ""AP"": 50, ""alpha.condition_threshold"": 45, ""novolumedata"": false, ""src_col"": ""close""}",-0.09210544802222974,0.0,-0.09210544802222974,-10.192388352220473,9.434632462662321,0
2025-08-16,2025-08-16T00:00:00+00:00,2025-08-30T00:00:00+00:00,C_H14,47,"{""coeff"": 8, ""AP"": 50, ""alpha.condition_threshold"": 45, ""novolumedata"": false, ""src_col"": ""close""}",-0.09210544802222974,0.0,-0.09210544802222974,-10.192388352220473,9.434632462662321,0
2025-08-16,2025-08-16T00:00:00+00:00,2025-08-30T00:00:00+00:00,P_NI_01,47,"{""coeff"": 8, ""AP"": 50, ""alpha.condition_threshold"": 45, ""novolumedata"": false, ""src_col"": ""close""}",-0.09210544802222974,0.0,-0.09210544802222974,-10.192388352220473,9.434632462662321,0
2025-08-16,2025-08-16T00:00:00+00:00,2025-08-30T00:00:00+00:00,P_NI_02,47,"{""coeff"": 8, ""AP"": 50, ""alpha.condition_threshold"": 45, ""novolumedata"": false, ""src_col"": ""close""}",-0.09210544802222974,0.0,-0.09210544802222974,-10.192388352220473,9.434632462662321,0
2025-08-16,2025-08-16T00:00:00+00:00,2025-08-30T00:00:00+00:00,P_NI_03,47,"{""coeff"": 8, ""AP"": 50, ""alpha.condition_threshold"": 45, ""novolumedata"": false, ""src_col"": ""close""}",-0.09210544802222974,0.0,-0.09210544802222974,-10.192388352220473,9.434632462662321,0
2025-08-30,2025-08-30T00:00:00+00:00,2025-09-13T00:00:00+00:00,A_M4,97,"{""coeff"": 2, ""AP"": 55, ""alpha.condition_threshold"": 70, ""novolumedata"": false, ""src_col"": ""close""}",2.7200462807306645,8.698820579082472,-5.978774298351808,0.0,0.0,1
2025-08-30,2025-08-30T00:00:00+00:00,2025-09-13T00:00:00+00:00,B0_GLOBAL,97,"{""coeff"": 2, ""AP"": 55, ""alpha.condition_threshold"": 70, ""novolumedata"": false, ""src_col"": ""close""}",2.7200462807306645,8.698820579082472,-5.978774298351808,0.0,0.0,1
2025-08-30,2025-08-30T00:00:00+00:00,2025-09-13T00:00:00+00:00,B_CAP,99,"{""coeff"": 2, ""AP"": 60, ""alpha.condition_threshold"": 80, ""novolumedata"": false, ""src_col"": ""close""}",-1.5664965292951243,0.0,-1.5664965292951243,4.412277769056684,-8.698820579082472,0
2025-08-30,2025-08-30T00:00:00+00:00,2025-09-13T00:00:00+00:00,O_PERSIST,99,"{""coeff"": 2, ""AP"": 60, ""alpha.condition_threshold"": 80, ""novolumedata"": false, ""src_col"": ""close""}",-1.5664965292951243,0.0,-1.5664965292951243,4.412277769056684,-8.698820579082472,0
2025-08-30,2025-08-30T00:00:00+00:00,2025-09-13T00:00:00+00:00,C_H14,99,"{""coeff"": 2, ""AP"": 60, ""alpha.condition_threshold"": 80, ""novolumedata"": false, ""src_col"": ""close""}",-1.5664965292951243,0.0,-1.5664965292951243,4.412277769056684,-8.698820579082472,0
2025-08-30,2025-08-30T00:00:00+00:00,2025-09-13T00:00:00+00:00,P_NI_01,99,"{""coeff"": 2, ""AP"": 60, ""alpha.condition_threshold"": 80, ""novolumedata"": false, ""src_col"": ""close""}",-1.5664965292951243,0.0,-1.5664965292951243,4.412277769056684,-8.698820579082472,0
2025-08-30,2025-08-30T00:00:00+00:00,2025-09-13T00:00:00+00:00,P_NI_02,99,"{""coeff"": 2, ""AP"": 60, ""alpha.condition_threshold"": 80, ""novolumedata"": false, ""src_col"": ""close""}",-1.5664965292951243,0.0,-1.5664965292951243,4.412277769056684,-8.698820579082472,0
2025-08-30,2025-08-30T00:00:00+00:00,2025-09-13T00:00:00+00:00,P_NI_03,99,"{""coeff"": 2, ""AP"": 60, ""alpha.condition_threshold"": 80, ""novolumedata"": false, ""src_col"": ""close""}",-1.5664965292951243,0.0,-1.5664965292951243,4.412277769056684,-8.698820579082472,0
2025-09-13,2025-09-13T00:00:00+00:00,2025-09-27T00:00:00+00:00,A_M4,23,"{""coeff"": 8, ""AP"": 13, ""alpha.condition_threshold"": 35, ""novolumedata"": false, ""src_col"": ""close""}",2.4907945639519546,0.0,2.4907945639519546,0.0,0.0,0
2025-09-13,2025-09-13T00:00:00+00:00,2025-09-27T00:00:00+00:00,B0_GLOBAL,51,"{""coeff"": 8, ""AP"": 60, ""alpha.condition_threshold"": 75, ""novolumedata"": false, ""src_col"": ""close""}",1.4151118343001805,0.0,1.4151118343001805,-1.0756827296517741,0.0,0
2025-09-13,2025-09-13T00:00:00+00:00,2025-09-27T00:00:00+00:00,B_CAP,51,"{""coeff"": 8, ""AP"": 60, ""alpha.condition_threshold"": 75, ""novolumedata"": false, ""src_col"": ""close""}",1.4151118343001805,0.0,1.4151118343001805,-1.0756827296517741,0.0,0
2025-09-13,2025-09-13T00:00:00+00:00,2025-09-27T00:00:00+00:00,O_PERSIST,51,"{""coeff"": 8, ""AP"": 60, ""alpha.condition_threshold"": 75, ""novolumedata"": false, ""src_col"": ""close""}",1.4151118343001805,0.0,1.4151118343001805,-1.0756827296517741,0.0,0
2025-09-13,2025-09-13T00:00:00+00:00,2025-09-27T00:00:00+00:00,C_H14,51,"{""coeff"": 8, ""AP"": 60, ""alpha.condition_threshold"": 75, ""novolumedata"": false, ""src_col"": ""close""}",1.4151118343001805,0.0,1.4151118343001805,-1.0756827296517741,0.0,0
2025-09-13,2025-09-13T00:00:00+00:00,2025-09-27T00:00:00+00:00,P_NI_01,51,"{""coeff"": 8, ""AP"": 60, ""alpha.condition_threshold"": 75, ""novolumedata"": false, ""src_col"": ""close""}",1.4151118343001805,0.0,1.4151118343001805,-1.0756827296517741,0.0,0
2025-09-13,2025-09-13T00:00:00+00:00,2025-09-27T00:00:00+00:00,P_NI_02,51,"{""coeff"": 8, ""AP"": 60, ""alpha.condition_threshold"": 75, ""novolumedata"": false, ""src_col"": ""close""}",1.4151118343001805,0.0,1.4151118343001805,-1.0756827296517741,0.0,0
2025-09-13,2025-09-13T00:00:00+00:00,2025-09-27T00:00:00+00:00,P_NI_03,51,"{""coeff"": 8, ""AP"": 60, ""alpha.condition_threshold"": 75, ""novolumedata"": false, ""src_col"": ""close""}",1.4151118343001805,0.0,1.4151118343001805,-1.0756827296517741,0.0,0
2025-09-27,2025-09-27T00:00:00+00:00,2025-10-11T00:00:00+00:00,A_M4,51,"{""coeff"": 8, ""AP"": 14, ""alpha.condition_threshold"": 45, ""novolumedata"": false, ""src_col"": ""close""}",2.2894776432740382,0.0,2.2894776432740382,0.0,0.0,0
2025-09-27,2025-09-27T00:00:00+00:00,2025-10-11T00:00:00+00:00,B0_GLOBAL,51,"{""coeff"": 8, ""AP"": 14, ""alpha.condition_threshold"": 45, ""novolumedata"": false, ""src_col"": ""close""}",2.2894776432740382,0.0,2.2894776432740382,0.0,0.0,0
2025-09-27,2025-09-27T00:00:00+00:00,2025-10-11T00:00:00+00:00,B_CAP,26,"{""coeff"": 8, ""AP"": 47, ""alpha.condition_threshold"": 50, ""novolumedata"": false, ""src_col"": ""close""}",1.3903510071559122,0.0,1.3903510071559122,-0.899126636118126,0.0,0
2025-09-27,2025-09-27T00:00:00+00:00,2025-10-11T00:00:00+00:00,O_PERSIST,26,"{""coeff"": 8, ""AP"": 47, ""alpha.condition_threshold"": 50, ""novolumedata"": false, ""src_col"": ""close""}",1.3903510071559122,0.0,1.3903510071559122,-0.899126636118126,0.0,0
2025-09-27,2025-09-27T00:00:00+00:00,2025-10-11T00:00:00+00:00,C_H14,26,"{""coeff"": 8, ""AP"": 47, ""alpha.condition_threshold"": 50, ""novolumedata"": false, ""src_col"": ""close""}",1.3903510071559122,0.0,1.3903510071559122,-0.899126636118126,0.0,0
2025-09-27,2025-09-27T00:00:00+00:00,2025-10-11T00:00:00+00:00,P_NI_01,26,"{""coeff"": 8, ""AP"": 47, ""alpha.condition_threshold"": 50, ""novolumedata"": false, ""src_col"": ""close""}",1.3903510071559122,0.0,1.3903510071559122,-0.899126636118126,0.0,0
2025-09-27,2025-09-27T00:00:00+00:00,2025-10-11T00:00:00+00:00,P_NI_02,26,"{""coeff"": 8, ""AP"": 47, ""alpha.condition_threshold"": 50, ""novolumedata"": false, ""src_col"": ""close""}",1.3903510071559122,0.0,1.3903510071559122,-0.899126636118126,0.0,0
2025-09-27,2025-09-27T00:00:00+00:00,2025-10-11T00:00:00+00:00,P_NI_03,26,"{""coeff"": 8, ""AP"": 47, ""alpha.condition_threshold"": 50, ""novolumedata"": false, ""src_col"": ""close""}",1.3903510071559122,0.0,1.3903510071559122,-0.899126636118126,0.0,0
2025-10-11,2025-10-11T00:00:00+00:00,2025-10-25T00:00:00+00:00,A_M4,56,"{""coeff"": 7, ""AP"": 44, ""alpha.condition_threshold"": 35, ""novolumedata"": false, ""src_col"": ""close""}",1.6074031308888135,0.5820762632702807,1.0253268676185328,0.0,0.0,1
2025-10-11,2025-10-11T00:00:00+00:00,2025-10-25T00:00:00+00:00,B0_GLOBAL,56,"{""coeff"": 7, ""AP"": 44, ""alpha.condition_threshold"": 35, ""novolumedata"": false, ""src_col"": ""close""}",1.6074031308888135,0.5820762632702807,1.0253268676185328,0.0,0.0,1
2025-10-11,2025-10-11T00:00:00+00:00,2025-10-25T00:00:00+00:00,B_CAP,56,"{""coeff"": 7, ""AP"": 44, ""alpha.condition_threshold"": 35, ""novolumedata"": false, ""src_col"": ""close""}",1.6074031308888135,0.5820762632702807,1.0253268676185328,0.0,0.0,1
2025-10-11,2025-10-11T00:00:00+00:00,2025-10-25T00:00:00+00:00,O_PERSIST,56,"{""coeff"": 7, ""AP"": 44, ""alpha.condition_threshold"": 35, ""novolumedata"": false, ""src_col"": ""close""}",1.6074031308888135,0.5820762632702807,1.0253268676185328,0.0,0.0,1
2025-10-11,2025-10-11T00:00:00+00:00,2025-10-25T00:00:00+00:00,C_H14,56,"{""coeff"": 7, ""AP"": 44, ""alpha.condition_threshold"": 35, ""novolumedata"": false, ""src_col"": ""close""}",1.6074031308888135,0.5820762632702807,1.0253268676185328,0.0,0.0,1
2025-10-11,2025-10-11T00:00:00+00:00,2025-10-25T00:00:00+00:00,P_NI_01,56,"{""coeff"": 7, ""AP"": 44, ""alpha.condition_threshold"": 35, ""novolumedata"": false, ""src_col"": ""close""}",1.6074031308888135,0.5820762632702807,1.0253268676185328,0.0,0.0,1
2025-10-11,2025-10-11T00:00:00+00:00,2025-10-25T00:00:00+00:00,P_NI_02,56,"{""coeff"": 7, ""AP"": 44, ""alpha.condition_threshold"": 35, ""novolumedata"": false, ""src_col"": ""close""}",1.6074031308888135,0.5820762632702807,1.0253268676185328,0.0,0.0,1
2025-10-11,2025-10-11T00:00:00+00:00,2025-10-25T00:00:00+00:00,P_NI_03,56,"{""coeff"": 7, ""AP"": 44, ""alpha.condition_threshold"": 35, ""novolumedata"": false, ""src_col"": ""close""}",1.6074031308888135,0.5820762632702807,1.0253268676185328,0.0,0.0,1
2025-10-25,2025-10-25T00:00:00+00:00,2025-11-08T00:00:00+00:00,A_M4,72,"{""coeff"": 7, ""AP"": 54, ""alpha.condition_threshold"": 45, ""novolumedata"": false, ""src_col"": ""close""}",1.7398246953522591,0.0,1.7398246953522591,0.0,0.0,0
2025-10-25,2025-10-25T00:00:00+00:00,2025-11-08T00:00:00+00:00,B0_GLOBAL,72,"{""coeff"": 7, ""AP"": 54, ""alpha.condition_threshold"": 45, ""novolumedata"": false, ""src_col"": ""close""}",1.7398246953522591,0.0,1.7398246953522591,0.0,0.0,0
2025-10-25,2025-10-25T00:00:00+00:00,2025-11-08T00:00:00+00:00,B_CAP,72,"{""coeff"": 7, ""AP"": 54, ""alpha.condition_threshold"": 45, ""novolumedata"": false, ""src_col"": ""close""}",1.7398246953522591,0.0,1.7398246953522591,0.0,0.0,0
2025-10-25,2025-10-25T00:00:00+00:00,2025-11-08T00:00:00+00:00,O_PERSIST,72,"{""coeff"": 7, ""AP"": 54, ""alpha.condition_threshold"": 45, ""novolumedata"": false, ""src_col"": ""close""}",1.7398246953522591,0.0,1.7398246953522591,0.0,0.0,0
2025-10-25,2025-10-25T00:00:00+00:00,2025-11-08T00:00:00+00:00,C_H14,72,"{""coeff"": 7, ""AP"": 54, ""alpha.condition_threshold"": 45, ""novolumedata"": false, ""src_col"": ""close""}",1.7398246953522591,0.0,1.7398246953522591,0.0,0.0,0
2025-10-25,2025-10-25T00:00:00+00:00,2025-11-08T00:00:00+00:00,P_NI_01,72,"{""coeff"": 7, ""AP"": 54, ""alpha.condition_threshold"": 45, ""novolumedata"": false, ""src_col"": ""close""}",1.7398246953522591,0.0,1.7398246953522591,0.0,0.0,0
2025-10-25,2025-10-25T00:00:00+00:00,2025-11-08T00:00:00+00:00,P_NI_02,72,"{""coeff"": 7, ""AP"": 54, ""alpha.condition_threshold"": 45, ""novolumedata"": false, ""src_col"": ""close""}",1.7398246953522591,0.0,1.7398246953522591,0.0,0.0,0
2025-10-25,2025-10-25T00:00:00+00:00,2025-11-08T00:00:00+00:00,P_NI_03,72,"{""coeff"": 7, ""AP"": 54, ""alpha.condition_threshold"": 45, ""novolumedata"": false, ""src_col"": ""close""}",1.7398246953522591,0.0,1.7398246953522591,0.0,0.0,0
2025-11-08,2025-11-08T00:00:00+00:00,2025-11-22T00:00:00+00:00,A_M4,68,"{""coeff"": 5, ""AP"": 58, ""alpha.condition_threshold"": 80, ""novolumedata"": false, ""src_col"": ""close""}",0.2779229279348921,0.0,0.2779229279348921,0.0,0.0,0
2025-11-08,2025-11-08T00:00:00+00:00,2025-11-22T00:00:00+00:00,B0_GLOBAL,68,"{""coeff"": 5, ""AP"": 58, ""alpha.condition_threshold"": 80, ""novolumedata"": false, ""src_col"": ""close""}",0.2779229279348921,0.0,0.2779229279348921,0.0,0.0,0
2025-11-08,2025-11-08T00:00:00+00:00,2025-11-22T00:00:00+00:00,B_CAP,68,"{""coeff"": 5, ""AP"": 58, ""alpha.condition_threshold"": 80, ""novolumedata"": false, ""src_col"": ""close""}",0.2779229279348921,0.0,0.2779229279348921,0.0,0.0,0
2025-11-08,2025-11-08T00:00:00+00:00,2025-11-22T00:00:00+00:00,O_PERSIST,68,"{""coeff"": 5, ""AP"": 58, ""alpha.condition_threshold"": 80, ""novolumedata"": false, ""src_col"": ""close""}",0.2779229279348921,0.0,0.2779229279348921,0.0,0.0,0
2025-11-08,2025-11-08T00:00:00+00:00,2025-11-22T00:00:00+00:00,C_H14,68,"{""coeff"": 5, ""AP"": 58, ""alpha.condition_threshold"": 80, ""novolumedata"": false, ""src_col"": ""close""}",0.2779229279348921,0.0,0.2779229279348921,0.0,0.0,0
2025-11-08,2025-11-08T00:00:00+00:00,2025-11-22T00:00:00+00:00,P_NI_01,68,"{""coeff"": 5, ""AP"": 58, ""alpha.condition_threshold"": 80, ""novolumedata"": false, ""src_col"": ""close""}",0.2779229279348921,0.0,0.2779229279348921,0.0,0.0,0
2025-11-08,2025-11-08T00:00:00+00:00,2025-11-22T00:00:00+00:00,P_NI_02,68,"{""coeff"": 5, ""AP"": 58, ""alpha.condition_threshold"": 80, ""novolumedata"": false, ""src_col"": ""close""}",0.2779229279348921,0.0,0.2779229279348921,0.0,0.0,0
2025-11-08,2025-11-08T00:00:00+00:00,2025-11-22T00:00:00+00:00,P_NI_03,68,"{""coeff"": 5, ""AP"": 58, ""alpha.condition_threshold"": 80, ""novolumedata"": false, ""src_col"": ""close""}",0.2779229279348921,0.0,0.2779229279348921,0.0,0.0,0
